-- MySQL dump 10.13  Distrib 8.0.26, for Win64 (x86_64)
--
-- Host: localhost    Database: portalcoordinadores
-- ------------------------------------------------------
-- Server version	5.7.35-log

/*!40101 SET @OLD_CHARACTER_SET_CLIENT=@@CHARACTER_SET_CLIENT */;
/*!40101 SET @OLD_CHARACTER_SET_RESULTS=@@CHARACTER_SET_RESULTS */;
/*!40101 SET @OLD_COLLATION_CONNECTION=@@COLLATION_CONNECTION */;
/*!50503 SET NAMES utf8 */;
/*!40103 SET @OLD_TIME_ZONE=@@TIME_ZONE */;
/*!40103 SET TIME_ZONE='+00:00' */;
/*!40014 SET @OLD_UNIQUE_CHECKS=@@UNIQUE_CHECKS, UNIQUE_CHECKS=0 */;
/*!40014 SET @OLD_FOREIGN_KEY_CHECKS=@@FOREIGN_KEY_CHECKS, FOREIGN_KEY_CHECKS=0 */;
/*!40101 SET @OLD_SQL_MODE=@@SQL_MODE, SQL_MODE='NO_AUTO_VALUE_ON_ZERO' */;
/*!40111 SET @OLD_SQL_NOTES=@@SQL_NOTES, SQL_NOTES=0 */;

--
-- Table structure for table `entradas`
--

DROP TABLE IF EXISTS `entradas`;
/*!40101 SET @saved_cs_client     = @@character_set_client */;
/*!50503 SET character_set_client = utf8mb4 */;
CREATE TABLE `entradas` (
  `id` int(11) NOT NULL AUTO_INCREMENT,
  `carrera` varchar(60) DEFAULT NULL,
  `titulo` varchar(100) DEFAULT NULL,
  `texto` longtext,
  `imagen` varchar(200) DEFAULT NULL,
  `fecha` date DEFAULT NULL,
  `filtro` varchar(45) DEFAULT NULL,
  PRIMARY KEY (`id`)
) ENGINE=InnoDB AUTO_INCREMENT=95 DEFAULT CHARSET=utf8;
/*!40101 SET character_set_client = @saved_cs_client */;

--
-- Dumping data for table `entradas`
--

LOCK TABLES `entradas` WRITE;
/*!40000 ALTER TABLE `entradas` DISABLE KEYS */;
INSERT INTO `entradas` VALUES (74,'sistemas','Información necesaria para culminar tu estadía.','Etiam lorem felis, mollis vel varius vitae, commodo at neque. Duis eleifend neque quis dapibus tempus. Aenean accumsan semper ante nec dapibus. Vivamus id mattis risus. Proin venenatis purus quis facilisis accumsan. Maecenas rhoncus massa lobortis erat molestie sollicitudin. Quisque accumsan iaculis ipsum, eu malesuada diam vulputate id. Aenean velit elit, luctus eget ante sit amet, ultricies pretium dui. Cras faucibus finibus luctus. Suspendisse sodales ipsum sed diam aliquet, ac efficitur neque varius. Suspendisse eget rutrum leo. Aliquam erat volutpat. Vivamus quam augue, ultrices et elementum vitae, hendrerit et mi. Cras non est id turpis auctor tempor. Mauris gravida urna odio, in pharetra dolor accumsan ac. Fusce a ipsum enim.\r\n\r\nSed nec nulla libero. Proin vel sollicitudin turpis. Quisque aliquam nec risus in consectetur. Phasellus quam massa, commodo at porttitor dignissim, pulvinar varius nisi. Pellentesque blandit neque nunc, at consequat justo placerat quis. Phasellus finibus nulla sit amet congue posuere. Quisque faucibus venenatis tortor. Vestibulum porttitor, magna sit amet tincidunt auctor, erat justo feugiat magna, sed accumsan justo nunc nec justo. Suspendisse condimentum venenatis quam, vitae mattis tellus sollicitudin nec. Morbi ac eros eu felis ultricies fringilla id eget velit. Ut a nunc eu nisi euismod sollicitudin.\r\n\r\nNulla ut leo tortor. Etiam non feugiat sapien. Suspendisse mollis dui et velit feugiat mollis. Pellentesque non iaculis augue. Nullam at ipsum nec orci finibus sagittis. Sed ex nisl, finibus sed molestie sed, pellentesque sit amet neque. Morbi et sapien massa. Donec ultricies mattis pulvinar.','Estadias.jpg','2021-12-08','3'),(76,'sistemas','Estancias','Phasellus ultricies vehicula efficitur. Vestibulum tincidunt ipsum at tempus efficitur. Nullam nunc tellus, pretium at ullamcorper eget, pellentesque in turpis. Nullam vel tortor metus. Fusce malesuada risus vel mi viverra volutpat. Class aptent taciti sociosqu ad litora torquent per conubia nostra, per inceptos himenaeos. \r\n\r\nNullam nunc nunc, condimentum eu facilisis non, tempus quis sapien. Curabitur eget libero id nibh convallis tincidunt. Mauris ac viverra massa. Donec ut lacinia dui. Donec euismod sem ipsum, ut convallis tellus imperdiet nec. Etiam eget aliquet enim, et aliquam nibh. Vestibulum consequat vehicula ipsum, vitae semper sapien finibus nec.\r\n\r\nNunc a mi pretium, lobortis lorem sit amet, efficitur ligula. Nullam vitae iaculis tortor. Ut auctor non urna vel tempor. Nullam ac libero odio. Proin vulputate fringilla eros, vitae vulputate odio faucibus vel. Mauris ut faucibus mi, a dictum risus. Orci varius natoque penatibus et magnis dis parturient montes, nascetur ridiculus mus. Duis tincidunt, nulla in pretium tempus, neque ipsum aliquet ipsum, aliquet fringilla lectus ante vitae magna. Maecenas malesuada luctus massa. Etiam velit elit, viverra in libero vitae, molestie finibus odio. Cras dapibus posuere ante, ac pharetra ante. Integer mollis viverra tellus, sed gravida urna iaculis quis. Vestibulum ante ipsum primis in faucibus orci luctus et ultrices posuere cubilia curae; Nullam lobortis vehicula orci, vel vulputate sapien cursus vitae. Phasellus ut dictum sapien.','Estancias.jpg','2021-12-08','2'),(78,'sistemas','Cursos','Sed nec nulla libero. Proin vel sollicitudin turpis. Quisque aliquam nec risus in consectetur. Phasellus quam massa, commodo at porttitor dignissim, pulvinar varius nisi. Pellentesque blandit neque nunc, at consequat justo placerat quis. Phasellus finibus nulla sit amet congue posuere. Quisque faucibus venenatis tortor. Vestibulum porttitor, magna sit amet tincidunt auctor, erat justo feugiat magna, sed accumsan justo nunc nec justo. Suspendisse condimentum venenatis quam, vitae mattis tellus sollicitudin nec. Morbi ac eros eu felis ultricies fringilla id eget velit. Ut a nunc eu nisi euismod sollicitudin.\r\n\r\nNulla ut leo tortor. Etiam non feugiat sapien. Suspendisse mollis dui et velit feugiat mollis. Pellentesque non iaculis augue. Nullam at ipsum nec orci finibus sagittis. Sed ex nisl, finibus sed molestie sed, pellentesque sit amet neque. Morbi et sapien massa. Donec ultricies mattis pulvinar.\r\n\r\nEtiam consequat vestibulum fermentum. Ut feugiat feugiat eros, non fringilla enim pharetra sit amet. Vivamus at commodo sem. Ut ullamcorper, diam nec iaculis vulputate, mauris diam pulvinar libero, at eleifend libero enim in lorem. Suspendisse venenatis vehicula augue, non suscipit ligula interdum non. Sed ultrices purus id quam aliquam auctor at id erat. Suspendisse placerat posuere nisl, sit amet condimentum tortor. Cras at consequat magna. Duis at pretium nulla.','Cursos.jpg','2021-12-09','4'),(80,'sistemas','Estos son los mejores cursos de la red','Interdum et malesuada fames ac ante ipsum primis in faucibus. Donec lacinia eros ac sem imperdiet, in convallis ante dictum. Proin a sodales magna, sed convallis risus. Quisque lobortis vel eros ac lacinia. Maecenas tristique velit id diam dictum lobortis. Nulla porta a nulla in tempor. Nullam facilisis porta quam nec euismod. In venenatis turpis vitae velit semper, vitae efficitur metus condimentum. Nunc sagittis nisi vel odio euismod sodales ac nec dui. Pellentesque venenatis metus nisl, eget rutrum sem venenatis sit amet.\r\n\r\nPellentesque eu blandit est, sodales sodales odio. Fusce bibendum dolor arcu, nec luctus lorem maximus ac. Quisque ut luctus elit, a pulvinar magna. Mauris ut ex sed nunc sollicitudin pellentesque. Mauris faucibus nisl ipsum, at imperdiet metus scelerisque in. Aenean vestibulum vitae sem a venenatis. Donec dapibus diam sed tortor gravida, vitae scelerisque velit laoreet. Quisque bibendum malesuada odio quis semper. Curabitur a fringilla neque. Etiam sed massa porttitor, mollis ante non, bibendum leo. Morbi fermentum ipsum eget sollicitudin maximus. Vestibulum condimentum metus urna, at volutpat libero convallis volutpat. Ut sollicitudin, nibh ac tincidunt rutrum, purus ex hendrerit ante, sed fermentum libero dolor quis justo. Proin iaculis finibus lacus vitae pretium. Nam condimentum porta risus, eget sodales arcu.','2b392981d32a86016087c8fe282e685f.jpg','2021-12-09','4'),(81,'sistemas','Información necesaria para el trámite de beca','Sed mattis erat a sem rhoncus ultrices. Maecenas pulvinar mi ex, eu ornare lorem facilisis id. Sed ex mi, consequat sed vestibulum vel, molestie eu ligula. Integer lorem magna, porttitor at purus vitae, viverra ullamcorper libero. Duis convallis, massa ut fringilla dictum, elit lorem pretium metus, in eleifend lacus dolor quis odio. Proin iaculis lectus vitae augue bibendum, eget tempor velit finibus. Aenean venenatis dolor et dui malesuada, facilisis commodo purus cursus. Duis hendrerit mi at convallis tincidunt. Etiam luctus justo elementum orci sollicitudin blandit. Maecenas ac vestibulum sapien. In convallis dolor nulla, a euismod nulla feugiat in. Nulla condimentum turpis a quam aliquam, in tincidunt ex feugiat. Cras vitae tortor viverra, dapibus purus sed, tincidunt mi. Duis sagittis ante leo.\\r\\n\\r\\nCurabitur a est diam. Mauris massa nulla, dignissim eget lectus sed, lobortis tempor orci. Maecenas porta lacus eu turpis placerat, quis pellentesque mauris vestibulum. Lorem ipsum dolor sit amet, consectetur adipiscing elit. Mauris ullamcorper varius ultrices. Duis nec sagittis neque, nec viverra ante. Donec maximus, quam eget dictum mattis, massa justo pharetra leo, sit amet congue turpis mi et turpis. Proin pulvinar sem sit amet libero ultrices, in tempus neque scelerisque. Pellentesque sed placerat nisl. Morbi non felis convallis, vehicula odio ac, vehicula dui. Pellentesque aliquam tortor ut quam tristique pretium quis id diam. Quisque a augue a felis luctus scelerisque. Donec suscipit feugiat porttitor. Duis diam ante, dignissim sed bibendum quis, rhoncus sed nisl. Quisque quis turpis sit amet est sollicitudin vehicula in ut sapien.\\r\\n\\r\\nAenean consequat laoreet leo non consequat. Aenean at vehicula felis. Pellentesque maximus arcu eu ligula rutrum egestas. Nam eu hendrerit tortor. Maecenas ullamcorper nibh auctor hendrerit vulputate. Aenean felis magna, consectetur at magna non, bibendum tempor eros. Vivamus posuere non sem at blandit. Aenean vestibulum tincidunt metus ac tempor. Suspendisse nec arcu suscipit, feugiat nibh pharetra, blandit arcu. Suspendisse aliquet dolor ut nibh luctus, non pharetra mauris iaculis.','Becas.jpg','2021-12-09','6'),(82,'mecatronica','Conoce tu biblioteca virtual','Maecenas pulvinar mi ex, eu ornare lorem facilisis id. Sed ex mi, consequat sed vestibulum vel, molestie eu ligula. Integer lorem magna, porttitor at purus vitae, viverra ullamcorper libero. Duis convallis, massa ut fringilla dictum, elit lorem pretium metus, in eleifend lacus dolor quis odio. Proin iaculis lectus vitae augue bibendum, eget tempor velit finibus. Aenean venenatis dolor et dui malesuada, facilisis commodo purus cursus. Duis hendrerit mi at convallis tincidunt. Etiam luctus justo elementum orci sollicitudin blandit. Maecenas ac vestibulum sapien. In convallis dolor nulla, a euismod nulla feugiat in.\r\n\r\nMauris massa nulla, dignissim eget lectus sed, lobortis tempor orci. Maecenas porta lacus eu turpis placerat, quis pellentesque mauris vestibulum. Lorem ipsum dolor sit amet, consectetur adipiscing elit. Mauris ullamcorper varius ultrices. Duis nec sagittis neque, nec viverra ante. Donec maximus, quam eget dictum mattis, massa justo pharetra leo, sit amet congue turpis mi et turpis. Proin pulvinar sem sit amet libero ultrices, in tempus neque scelerisque. Pellentesque sed placerat nisl. Morbi non felis convallis, vehicula odio ac, vehicula dui. Pellentesque aliquam tortor ut quam tristique pretium quis id diam. Quisque a augue a felis luctus scelerisque. Donec suscipit feugiat porttitor. Duis diam ante, dignissim sed bibendum quis, rhoncus sed nisl. Quisque quis turpis sit amet est sollicitudin vehicula in ut sapien.\r\n\r\nAenean consequat laoreet leo non consequat. Aenean at vehicula felis. Pellentesque maximus arcu eu ligula rutrum egestas. Nam eu hendrerit tortor. Maecenas ullamcorper nibh auctor hendrerit vulputate. Aenean felis magna, consectetur at magna non, bibendum tempor eros. Vivamus posuere non sem at blandit.','9116bf470290f0dae2b863fcb43c182f.jpg','2021-12-09','1'),(83,'mecatronica','Ayuda humanitaria','Sed mattis erat a sem rhoncus ultrices. Maecenas pulvinar mi ex, eu ornare lorem facilisis id. Sed ex mi, consequat sed vestibulum vel, molestie eu ligula. Integer lorem magna, porttitor at purus vitae, viverra ullamcorper libero. Duis convallis, massa ut fringilla dictum, elit lorem pretium metus, in eleifend lacus dolor quis odio. Proin iaculis lectus vitae augue bibendum, eget tempor velit finibus. Aenean venenatis dolor et dui malesuada, facilisis commodo purus cursus. Duis hendrerit mi at convallis tincidunt. Etiam luctus justo elementum orci sollicitudin blandit. Maecenas ac vestibulum sapien. In convallis dolor nulla, a euismod nulla feugiat in. Nulla condimentum turpis a quam aliquam, in tincidunt ex feugiat. Cras vitae tortor viverra, dapibus purus sed, tincidunt mi. Duis sagittis ante leo.\r\n\r\nCurabitur a est diam. Mauris massa nulla, dignissim eget lectus sed, lobortis tempor orci. Maecenas porta lacus eu turpis placerat, quis pellentesque mauris vestibulum. Lorem ipsum dolor sit amet, consectetur adipiscing elit. Mauris ullamcorper varius ultrices. Duis nec sagittis neque, nec viverra ante. Donec maximus, quam eget dictum mattis, massa justo pharetra leo, sit amet congue turpis mi et turpis. Proin pulvinar sem sit amet libero ultrices, in tempus neque scelerisque. Pellentesque sed placerat nisl. Morbi non felis convallis, vehicula odio ac, vehicula dui. Pellentesque aliquam tortor ut quam tristique pretium quis id diam. Quisque a augue a felis luctus scelerisque. Donec suscipit feugiat porttitor. Duis diam ante, dignissim sed bibendum quis, rhoncus sed nisl. Quisque quis turpis sit amet est sollicitudin vehicula in ut sapien.\r\n\r\nAenean consequat laoreet leo non consequat. Aenean at vehicula felis. Pellentesque maximus arcu eu ligula rutrum egestas. Nam eu hendrerit tortor. Maecenas ullamcorper nibh auctor hendrerit vulputate. Aenean felis magna, consectetur at magna non, bibendum tempor eros. Vivamus posuere non sem at blandit. Aenean vestibulum tincidunt metus ac tempor. Suspendisse nec arcu suscipit, feugiat nibh pharetra, blandit arcu. Suspendisse aliquet dolor ut nibh luctus, non pharetra mauris iaculis.','Otros.jpg','2021-12-09','7'),(84,'industrial','Fin de cuatrimestre','Wa serfs a sem rhoncus ultrices. Maecenas pulvinar mi ex, eu ornare lorem facilisis id. Sed ex mi, consequat sed vestibulum vel, molestie eu ligula. Integer lorem magna, porttitor at purus vitae, viverra ullamcorper libero. Duis convallis, massa ut fringilla dictum, elit lorem pretium metus, in eleifend lacus dolor quis odio. Proin iaculis lectus vitae augue bibendum, eget tempor velit finibus. Aenean venenatis dolor et dui malesuada, facilisis commodo purus cursus. Duis hendrerit mi at convallis tincidunt. Etiam luctus justo elementum orci sollicitudin blandit. Maecenas ac vestibulum sapien. In convallis dolor nulla, a euismod nulla feugiat in. Nulla condimentum turpis a quam aliquam, in tincidunt ex feugiat. Cras vitae tortor viverra, dapibus purus sed, tincidunt mi. Duis sagittis ante leo.\r\n\r\nCurabitur a est diam. Mauris massa nulla, dignissim eget lectus sed, lobortis tempor orci. Maecenas porta lacus eu turpis placerat, quis pellentesque mauris vestibulum. Lorem ipsum dolor sit amet, consectetur adipiscing elit. Mauris ullamcorper varius ultrices. Duis nec sagittis neque, nec viverra ante. Doneetium quis id diam. Quisque a augue a felis luctus scelerisque. Donec suscipit feugiat porttitor. Duis diam ante, dignissim sed bibendum quis, rhoncus sed nisl. Quisque quis turpis sit amet est sollicitudin vehicula in ut sapien.\r\n\r\nAenean consequat laoreet leo non consequat. Aenean at vehicula felis. Pellentesque maximus arcu eu ligula rutrum egestas. Nam eu hendrerit tortor. Maecenas ullamcorper nibh auctor hendrerit vulputate. Aenean felis magna, consectetur at magna non, bibendum tempor eros. Vivamus posuere non sem at blandit. Aenean vestibulum tincidunt metus ac tempor. Suspendisse nec arcu suscipit, feugiat nibh pharetra, blandit arcu. Suspendisse aliquet dolor ut nibh luctus, non pharetra mauris iaculis.','7b27d4f2be3242457769b5e51d1c3873.jpg','2021-12-09','1'),(85,'industrial','Aplica la regla de Bono','Ya quedo las Pellentesque eu blandit est, sodales sodales odio. Fusce bibendum dolor arcu, nec luctus lorem maximus ac. Quisque ut luctus elit, a pulvinar magna. Mauris ut ex sed nunc sollicitudin pellentesque. Mauris faucibus nisl ipsum, at imperdiet metus scelerisque in. Aenean vestibulum vitae sem a venenatis. Donec dapibus diam sed tortor gravida, vitae scelerisque velit laoreet. Quisque bibendum malesuada odio quis semper. Curabitur a fringilla neque. Etiam sed massa porttitor, mollis ante non, bibendum leo. Morbi fermentum ipsum eget sollicitudin maximus. Vestibulum condimentum metus urna, at volutpat libero convallis volutpat. Ut sollicitudin, nibh ac tincidunt rutrum, purus ex hendrerit ante, sed fermentum libero dolor quis justo. Proin iaculis finibus lacus vitae pretium. Nam condimentum porta risus, eget sodales arcu.\r\n\r\nSed mattis erat a sem rhoncus ultrices. Maecenas pulvinar mi ex, eu ornare lorem facilisis id. Sed ex mi, consequat sed vestibulum vel, molestie eu ligula. Integer lorem magna, porttitor at purus vitae, viverra ullamcorper libero. Duis convallis, massa ut fringilla dictum, elit lorem pretium metus, in eleifend lacus dolor quis odio. Proin iaculis lectus vitae augue bibendum, eget tempor velit finibus. Aenean venenatis dolor et dui malesuada, facilisis commodo purus cursus. Duis hendrerit mi at convallis tincidunt. Etiam luctus justo elementum orci sollicitudin blandit. Maecenas ac vestibulum sapien. In convallis dolor nulla, a euismod nulla feugiat in. Nulla condimentum turpis a quam aliquam, in tincidunt ex feugiat. Cras vitae tortor viverra, dapibus purus sed, tincidunt mi. Duis sagittis ante leo.','2955d73133c16a644b0461dc37c60488.jpg','2021-12-09','1'),(89,'sistemas','Cambio en formato de estadías','Fusce commodo, dui ut ullamcorper porta, dolor sem tincidunt augue, ut dapibus sapien nisi in nibh. Vestibulum finibus neque non leo vulputate, in tristique massa pretium. Sed eget ullamcorper lectus, eu maximus ex. Nullam interdum fringilla ex eget placerat. Aliquam cursus egestas magna et euismod. Duis in aliquam nulla. Duis ac arcu elementum, dignissim sem ac, pellentesque odio. Sed et finibus massa. Mauris venenatis commodo nisl molestie volutpat. Duis nec libero id libero tincidunt dapibus porta a nisl. Nam nulla est, tincidunt a eleifend euismod, rhoncus a nibh. Quisque pretium, ipsum ut congue consequat, lacus nibh vestibulum enim, vel porttitor urna dui a nunc. Pellentesque varius mollis pellentesque.\r\n\r\nLorem ipsum dolor sit amet, consectetur adipiscing elit. Cras lobortis eu turpis vel mattis. Nullam laoreet eu quam nec sagittis. Ut id suscipit nunc. Mauris congue arcu arcu, id sollicitudin enim pretium a. Quisque pellentesque porta augue, bibendum rutrum magna tincidunt sed. Maecenas sed rutrum mi. Sed rutrum, diam a tincidunt vestibulum, elit augue faucibus tortor, nec lobortis magna lectus nec tortor.\r\n\r\nDonec sit amet hendrerit lacus. Aenean rhoncus ex ex, a molestie nunc malesuada a. Duis mattis est vel dictum varius. Proin eget vulputate ipsum. Sed eu turpis quis est sagittis ultrices non eget orci. Quisque eu finibus lectus. Nullam semper vehicula augue at sodales.','Estadias.jpg','2021-12-13','3'),(91,'sistemas','Disfruta tus vacaciones responsablemente','Quisque sit amet tincidunt justo. Aenean volutpat congue orci et malesuada. Nunc suscipit velit vitae diam varius placerat. In fringilla fringilla elit rutrum faucibus. Aenean suscipit ligula nec nibh cursus, non consequat ex congue. Sed eu nibh bibendum massa congue interdum. Vivamus mollis blandit justo venenatis finibus. Ut maximus odio turpis, eget tempus lorem semper fermentum. Morbi eu cursus ipsum.\r\n\r\nEtiam ultrices elit nisl, ut pellentesque lacus pharetra sed. Integer viverra placerat sem ut pharetra. Curabitur ac lectus eget quam egestas blandit. Pellentesque tincidunt elit vitae velit vestibulum, eget venenatis tellus laoreet. Nunc ullamcorper nibh consequat magna fringilla mollis. Orci varius natoque penatibus et magnis dis parturient montes, nascetur ridiculus mus. Vestibulum tincidunt cursus ipsum id pharetra. Aliquam felis arcu, feugiat eu risus a, facilisis mollis massa. Quisque tincidunt pretium elementum. Aliquam lacinia ligula id nibh viverra, sed varius purus interdum. Nunc sed magna elit. Cras luctus neque at fermentum egestas. Duis ex odio, ullamcorper non tincidunt et, molestie sed dui. Sed luctus malesuada libero, eget porta odio mollis sed.','Otros.jpg','2021-12-13','7'),(92,'sistemas','La titulación se acerca','Nunc suscipit velit vitae diam varius placeraivamus mollis blandit justo venenatis finibus. Ut maximus odio turpis, eget tempus lorem semper fermentum. Morbi eu cursus ipsum.\r\n\r\nUltricencidunt elit vitae velit vestibulum, eget venenatis tellus laoreet. Nunc ullamcorper nibh consequat magna fringilla mollis. Orci varius natoque penatibus et magnis dis parturient montes, nascetur ridiculus mus. Vestibulum tincidunt cursus ipsum id pharetra. Aliquam felis arcu, feugiat eu risus a, facilisis mollis massa. Quisque tincidunt pretium elementum. Aliquam lacinia ligula id nibh viverra, sed varius purus interdum. Nunc sed magna elit. Cras luctus neque at fermentum egestas. Duis ex odio, ullamcorper non tincidunt et, molestie sed dui.\r\n\r\nCras lobortis eu turpis vel mattis. Nullam laoreet eu quam nec sagittis. Ut id suscipit nunc. Mauris congue arcu arcu, id sollicitudin enim pretium a. Quisque pellentesque porta augue, bibendum rutrum magna tincidunt sed. Maecenas sed rutrum mi. Sed rutrum, diam a tincidunt vestibulum, elit augue faucibus tortor, nec lobortis magna lectus nec tortor.','Titulacion.jpg','2021-12-13','5'),(93,'sistemas','Nuevos cursos por conocer','Lorem ipsum dolor sit amet, consectetur adipiscing elit. Suspendisse bibendum urna ut nulla finibus, vel laoreet justo ornare. Vivamus a eleifend neque, quis aliquet dolor. Nam rhoncus, sapien sit amet bibendum condimentum, nisi quam tempus turpis, vitae vehicula elit urna nec urna. Nullam purus neque, luctus sed urna sed, volutpat molestie nibh. Phasellus eu neque sed velit elementum condimentum sit amet nec nisl. Nam venenatis, diam et iaculis cursus, sem mi posuere risus, quis elementum nibh ante sed nibh. Quisque aliquam fringilla massa. Donec viverra justo a faucibus posuere. In hendrerit eu dui ut dignissim.\r\n\r\nDuis neque dolor, scelerisque id rutrum vel, laoreet id augue. Vestibulum mollis enim vel sollicitudin dapibus. Phasellus quis sollicitudin nibh. Donec aliquam urna vitae neque elementum, vitae condimentum magna porta. Nam lobortis arcu quis neque vulputate, eget feugiat tellus tempor. Vestibulum consequat cursus risus, in auctor libero rhoncus vitae. Fusce sed bibendum elit. In diam lorem, imperdiet ut orci blandit, venenatis vehicula ligula. Maecenas et elementum diam. Etiam eu nulla et metus porta luctus at ac felis. Ut ante justo, viverra et finibus at, vestibulum id sapien. Fusce fringilla egestas lacus vel accumsan. Quisque non blandit felis.','Cursos.jpg','2021-12-13','4'),(94,'sistemas','Entrada del 14','Duis consectetur ex quis arcu ultricies lobortis. Sed consectetur libero ac felis tristique, quis dictum neque viverra. Quisque nunc odio, consequat id placerat quis, vestibulum sit amet augue. Duis viverra sapien in tempor pretium. Aenean at ultrices justo. Integer ultricies accumsan venenatis. Nulla pharetra vel sapien et imperdiet. Quisque volutpat pretium efficitur. Vestibulum id molestie est. Suspendisse tincidunt sodales accumsan. Aliquam sem dui, volutpat eget dui eu, ultricies sollicitudin ex. Duis urna purus, egestas ut nisi id, imperdiet feugiat erat. Nam convallis lobortis tortor, posuere accumsan magna semper nec. Sed et justo iaculis, porttitor urna sit amet, scelerisque sapien.\r\n\r\nInteger tempor aliquam lectus, sit amet lacinia magna venenatis at. Aliquam ac libero eu magna placerat tristique. Vestibulum finibus nisi ac consequat maximus. Proin eu ligula ac elit vehicula fermentum. Pellentesque non maximus est, ut faucibus ante. Aenean non commodo orci. Curabitur eu volutpat mauris, et dapibus justo. Suspendisse ullamcorper orci ac nisl rutrum cursus. Quisque in aliquet turpis. Aenean ut tristique purus. Lorem ipsum dolor sit amet, consectetur adipiscing elit. Phasellus id molestie nisl. Lorem ipsum dolor sit amet, consectetur adipiscing elit. Cras aliquet quis augue sed tempor.\r\n\r\nFusce tristique interdum ex, at congue urna convallis ac. Quisque iaculis eros sapien, ut iaculis tellus sollicitudin ac. Vivamus in accumsan velit. Duis eu nisl at sem ultricies porttitor ac sit amet erat. Sed mauris lectus, bibendum sit amet sem ut, condimentum posuere quam. Nunc ac mollis tellus. Etiam commodo ex ut sapien ultricies, at fermentum mauris fringilla. Morbi a rhoncus lectus. Integer sit amet augue velit. Mauris aliquam magna orci. Fusce eu ante ac justo scelerisque sollicitudin. Vivamus convallis, ligula eu accumsan tincidunt, eros velit mattis quam, non ultrices lacus nisl non leo. Praesent quis magna sed mauris auctor mattis.','Otros.jpg','2021-12-14','7');
/*!40000 ALTER TABLE `entradas` ENABLE KEYS */;
UNLOCK TABLES;

--
-- Table structure for table `filtro`
--

DROP TABLE IF EXISTS `filtro`;
/*!40101 SET @saved_cs_client     = @@character_set_client */;
/*!50503 SET character_set_client = utf8mb4 */;
CREATE TABLE `filtro` (
  `filtroId` int(11) NOT NULL,
  `clase` varchar(45) DEFAULT NULL,
  PRIMARY KEY (`filtroId`)
) ENGINE=InnoDB DEFAULT CHARSET=utf8;
/*!40101 SET character_set_client = @saved_cs_client */;

--
-- Dumping data for table `filtro`
--

LOCK TABLES `filtro` WRITE;
/*!40000 ALTER TABLE `filtro` DISABLE KEYS */;
INSERT INTO `filtro` VALUES (1,'General'),(2,'Estancias'),(3,'Estadias'),(4,'Cursos'),(5,'Titulacion'),(6,'Becas'),(7,'Otros');
/*!40000 ALTER TABLE `filtro` ENABLE KEYS */;
UNLOCK TABLES;

--
-- Table structure for table `perfiles`
--

DROP TABLE IF EXISTS `perfiles`;
/*!40101 SET @saved_cs_client     = @@character_set_client */;
/*!50503 SET character_set_client = utf8mb4 */;
CREATE TABLE `perfiles` (
  `id` int(1) DEFAULT NULL,
  `nombre` varchar(80) CHARACTER SET utf8 COLLATE utf8_unicode_ci DEFAULT NULL,
  `formacion` varchar(255) DEFAULT NULL,
  `correo` varchar(255) DEFAULT NULL,
  `imagen` varchar(200) DEFAULT NULL,
  `descripcion` longtext,
  `carrera` varchar(20) DEFAULT NULL
) ENGINE=InnoDB DEFAULT CHARSET=utf8;
/*!40101 SET character_set_client = @saved_cs_client */;

--
-- Dumping data for table `perfiles`
--

LOCK TABLES `perfiles` WRITE;
/*!40000 ALTER TABLE `perfiles` DISABLE KEYS */;
INSERT INTO `perfiles` VALUES (1,'Cristina Maya Padrón','Dra en ','coordinacionsistemas@upgarcia.edu.mx','dc68ae79d7073b9c4113afd00fc3e040.jpg','Slipdern metus ac consequat. Curabitur in neque id nisl pulvinar tristique non at libero. Vestibulum metus enim, rutrum eget euismod ut, ornare varius sapien. Duis eu tempus orci. Morbi scelerisque hendrerit neque, ac lobortis est sagittis eu. Phasellus ac dolor egestas, laoreet risus eu, dictum mauris. Duis auctor magna a dui sollicitudin semper. Proin suscipit, elit non vestibulum suscipit, enim enim venenatis est, blandit mollis nisi purus in augue.\r\n\r\nInteger venenatis, lorem convallis dictum tincidunt, dui augue facilisis est, quis maximus libero quam vel justo. Duis cursus nibh sed est congue, ut consectetur diam accumsan. Nam urna sapien, tempor sit amet nulla id, ullamcorper imperdiet est. Morbi pretium leo ac vehicula feugiat. Ut hendrerit vehicula sapien. Maecenas ultrices scelerisque eros eu sollicitudin. Phasellus tincidunt tempor semper. Aliquam viverra tempus leo, in facilisis turpis vulputate nec. Sed eu sem facilisis, accumsan ligula eu, interdum diam. Fusce iaculis quam at maximus molestie. Ut condimentum bibendum interdum. Donec sit amet fermentum nulla, in venenatis nibh. Phasellus porttitor, felis id tristique dignissim, velit felis euismod mauris, semper suscipit nibh ipsum a justo. Duis eget est venenatis elit cursus dapibus. Duis ut dolor condimentum, convallis lectus in, pulvinar lacus.\r\n\r\nCras lorem metus, consequat non elit vitae, interdum dignissim eros. Suspendisse potenti. Cras fermentum massa eu aliquet interdum. Aliquam sed euismod tortor, vel vehicula odio. Fusce interdum quam nunc, non eleifend justo consectetur eu. Aliquam vitae magna odio. Integer sed laoreet diam, sit amet elementum eros. Sed feugiat dui est, vitae dignissim ante accumsan a. Donec vel dapibus enim. Nulla justo elit, volutpat sit amet est eget, aliquam bibendum odio.','sistemas'),(2,'Nombre de coordinador 2','Dr en CARRERA','coordinador2@cooreo.com','perfilcoordinadormecatronica.jpg','Etiam quis elementum purus. Maecenas sollicitudin lobortis congue. Cras at tristiqt hendrerit sodales. Morbi condimentum, ex ut luctus dignissim, urna enim vehicula nibh, ut aliquet dui sapien at lacus. Aliquam erat volutpat.\r\n\r\nS per conubia nostra, per inceptos himenaesque tellus sed, porta ligula. Phaselld vulputate. Donec efficitur consequa\r\nincidunt ornare eros quis posuere. In semper varius orci.','mecatronica'),(3,'Nombre de coordinador 3','Dr en CARRERA','coordinador3@correo.com','perfilcoordinadorindustrial.jpg','Nam egestas consequat justo eu luctus. Suspendisse semper odio vitae dui vestibulum elementum. Aenean mollis laoreet dui. Suspendisse non venenatis justo. Maecenas placerat sed lacus sit amet sollicitudin. Sed sed augue mi. Quisque sollicitudin interdum odio, eget euismod nisl finibus non.\r\n\r\nMorbi sagittis nec felis ut vulputate. Mauris nec tellus porttitor, dictum enim euismod, eleifend nulla. Cras consequat porta mi, id maximus justo venenatis non. Vestibulum ante ipsum primis in faucibus orci luctus et ultrices posuere cubilia curae; In nec venenatis nunc, in venenatis arcu. Donec sed turpis in nisl feugiat aliquet a quis enim. Integer gravida condimentum molestie. Nulla dapibus, urna id rhoncus eleifend, elit ante faucibus enim, id ornare mi magna et nulla.\r\n\r\nPellentesque ac lacinia massa. Curabitur cursus urna at tellus mollis lacinia ac ut ex. Ut nisi leo, sollicitudin id elit vitae, sodales accumsan erat. Vivamus malesuada facilisis lectus ut egestas. Integer viverra ullamcorper arcu, eu aliquet sapien facilisis non. Quisque id quam hendrerit, pellentesque sem a, vulputate nisl. Cras luctus iaculis ultricies. Sed dolor sem, egestas id maximus eu, efficitur vel arcu. Maecenas egestas tempor euismod. Quisque quis sem pretium, placerat nulla vel, egestas risus. Quisque egestas viverra sodales. Mauris vehicula nisl id ex tincidunt consectetur. Vestibulum non enim sit amet nulla tristique consequat eget sed ante. Cras dapibus metus nec odio tincidunt efficitur.','industrial');
/*!40000 ALTER TABLE `perfiles` ENABLE KEYS */;
UNLOCK TABLES;

--
-- Table structure for table `secciones`
--

DROP TABLE IF EXISTS `secciones`;
/*!40101 SET @saved_cs_client     = @@character_set_client */;
/*!50503 SET character_set_client = utf8mb4 */;
CREATE TABLE `secciones` (
  `id` int(11) DEFAULT NULL,
  `carrera` varchar(100) DEFAULT NULL,
  `seccion` varchar(100) DEFAULT NULL,
  `imagen` varchar(200) DEFAULT NULL,
  `texto` longtext,
  `archivo` text
) ENGINE=InnoDB DEFAULT CHARSET=utf8;
/*!40101 SET character_set_client = @saved_cs_client */;

--
-- Dumping data for table `secciones`
--

LOCK TABLES `secciones` WRITE;
/*!40000 ALTER TABLE `secciones` DISABLE KEYS */;
INSERT INTO `secciones` VALUES (1,'sistemas','estancias','','Estancias Sistemas computacionales. Sed nec nulla libero. Proin vel sollicitudin turpis. Quisque aliquam nec risus in consectetur. Phasellus quam massa, commodo at porttitor dignissim, pulvinar varius nisi. Pellentesque blandit neque nunc, at consequat justo placerat quis. Phasellus finibus nulla sit amet congue posuerutye. Quisque faucibus venenatis tortor. Vestibulum porttitor, magna sit amet tincidunt auctor, erat justo feugiat magna, sed accumsan justo nunc nec justo. Suspendisse condimentum venenatis quam, vitae mattis tellus sollicitudin nec. Morbi ac eros eu felis ultricies fringilla id eget velit. Ut a nunc eu nisi euismod sollicitudin.\r\n\r\nNulla ut leo tortor. Etiam non feugiat sapien. Suspendisse mollis dui et velit feugiat mollis. Pellentesque non iaculis augue. Nullam at ipsum nec orci finibus sagittis. Sed ex nisl, finibus sed molestie sed, pellentesque sit amet neque. Morbi et sapien massa. Donec ultricies mattis pulvinar.\r\n\r\nEtiam consequat vestibulum fermentum. Ut feugiat feugiat eros, non fringilla enim pharetra sit amet. Vivamus at commodo sem. Ut ullamcorper, diam nec iaculis vulputate, mauris diam pulvinar libero, at eleifend libero enim in lorem. Suspendisse venenatis vehicula augue, non suscipit ligula interdum non. Sed ultrices purus id quam aliquam auctor at id erat. Suspendisse placerat posuere nisl, sit amet condimentum tortor. Cras at consequat magna. Duis at pretium nulla.','sistemas_Archivo de prueba 01.docx,sistemas_Archivo de prueba 01.pdf,sistemas_Archivo de prueba 02.docx,sistemas_Archivo de prueba 02.pdf,sistemas_Archivo de prueba 03.docx,sistemas_Archivo de prueba 03.pdf'),(2,'sistemas','estadias','','ACT Este es el texto para las estadías de la universidad politécnica de garcía, carrera ingeniería en sistemas computacionales. Quisque sit amet tincidunt justo. Aenean volutpat congue orci et malesuada. Nunc suscipit velit vitae diam varius placerat. In fringilla fringilla elit rutrum faucibus. Aenean suscipit ligula nec nibh cursus, non consequat ex congue. Sed eu nibh bibendum massa congue interdum. Vivamus mollis blandit justo venenatis finibus. Ut maximus odio turpis, eget tempus lorem semper fermentum. Morbi eu cursus ipsum.\r\n\r\nEtiam ultrices elit nisl, ut pellentesque lacus pharetra sed. Integer viverra placerat sem ut pharetra. Curabitur ac lectus eget quam egestas blandit. Pellentesque tincidunt elit vitae velit vestibulum, eget venenatis tellus laoreet. Nunc ullamcorper nibh consequat magna fringilla mollis. Orci varius natoque penatibus et magnis dis parturient montes, nascetur ridiculus mus. Vestibulum tincidunt cursus ipsum id pharetra. Aliquam felis arcu, feugiat eu risus a, facilisis mollis massa. Quisque tincidunt pretium elementum. Aliquam lacinia ligula id nibh viverra, sed varius purus interdum. Nunc sed magna elit. Cras luctus neque at fermentum egestas. Duis ex odio, ullamcorper non tincidunt et, molestie sed dui. Sed luctus malesuada libero, eget porta odio mollis sed.\r\n','sistemas_Archivo de prueba 01.pdf,sistemas_Archivo de prueba 02.pdf,sistemas_Archivo de prueba 04.docx,sistemas_Archivo de prueba 04.pdf,sistemas_Archivo de prueba 05.docx,sistemas_Archivo de prueba 06.docx,sistemas_Archivo de prueba 07.docx,sistemas_Archivo de prueba 07.pdf'),(3,'sistemas','titulacion','','ACT Titulación de ingeniería en sistemas computacionales.  vel sollicitudin turpis. Quisque aliquam nec risus in consectetur. Phasellus quam massa, commodo at porttitor dignissim, pulvinar varius nisi. Pellentesque blandit neque nunc, at consequat justo placerat quis. Phasellus finibus nulla sit amet congue posuere. Quisque faucibus venenatis tortor. Vestibulum porttitor, magna sit amet tincidunt auctor, erat justo feugiat magna, sed accumsan justo nunc nec justo. Suspendisse condimentum venenatis quam, vitae mattis tellus sollicitudin nec. Morbi ac eros eu felis ultricies fringilla id eget velit. Ut a nunc eu nisi euismod sollicitudin.\r\n\r\nNulla ut leo tortor. Etiam non feugiat sapien. Suspendisse mollis dui et velit feugiat mollis. Pellentesque non iaculis augue. Nullam at ipsum nec orci finibus sagittis. Sed ex nisl, finibus sed molestie sed, pellentesque sit amet neque. Morbi et sapien massa. Donec ultricies mattis pulvinar.\r\n\r\nEtiam consequat vestibulum fermentum. Ut feugiat feugiat eros, non fringilla enim pharetra sit amet. Vivamus at commodo sem. Ut ullamcorper, diam nec iaculis vulputate, mauris diam pulvinar libero, at eleifend libero enim in lorem. Suspendisse venenatis vehicula augue, non suscipit ligula interdum non. Sed ultrices purus id qu','sistemas_Archivo de prueba 04.docx,sistemas_Archivo de prueba 05.docx,sistemas_Archivo de prueba 06.docx,sistemas_Archivo de prueba 07.docx,sistemas_Archivo de prueba 08.docx'),(4,'mecatronica','estancias','','Sed mattis erat a sem rhoncus ultrices. Maecenas pulvinar mi ex, eu ornare lorem facilisis id. Sed ex mi, consequat sed vestibulum vel, molestie eu ligula. Integer lorem magna, porttitor at purus vitae, viverra ullamcorper libero. Duis convallis, massa ut fringilla dictum, elit lorem pretium metus, in eleifend lacus dolor quis odio. Proin iaculis lectus vitae augue bibendum, eget tempor velit finibus. Aenean venenatis dolor et dui malesuada, facilisis commodo purus cursus. Duis hendrerit mi at convallis tincidunt. Etiam luctus justo elementum orci sollicitudin blandit. Maecenas ac vestibulum sapien. In convallis dolor nulla, a euismod nulla feugiat in. Nulla condimentum turpis a quam aliquam, in tincidunt ex feugiat. Cras vitae tortor viverra, dapibus purus sed, tincidunt mi. Duis sagittis ante leo.\r\n\r\nCurabitur a est diam. Mauris massa nulla, dignissim eget lectus sed, lobortis tempor orci. Maecenas porta lacus eu turpis placerat, quis pellentesque mauris vestibulum. Lorem ipsum dolor sit amet, consectetur adipiscing elit. Mauris ullamcorper varius ultrices. Duis nec sagittis neque, nec viverra ante. Donec maximus, quam eget dictum mattis, massa justo pharetra leo, sit amet congue turpis mi et turpis. Proin pulvinar sem sit amet libero ultrices, in tempus neque scelerisque. Pellentesque sed placerat nisl. Morbi non felis convallis, vehicula odio ac, vehicula dui. Pellentesque aliquam tortor ut quam tristique pretium quis id diam. Quisque a augue a felis luctus scelerisque. Donec suscipit feugiat porttitor. Duis diam ante, dignissim sed bibendum quis, rhoncus sed nisl. Quisque quis turpis sit amet est sollicitudin vehicula in ut sapien.\r\n\r\nAenean consequat laoreet leo non consequat. Aenean at vehicula felis. Pellentesque maximus arcu eu ligula rutrum egestas. Nam eu hendrerit tortor. Maecenas ullamcorper nibh auctor hendrerit vulputate. Aenean felis magna, consectetur at magna non, bibendum tempor eros. Vivamus posuere non sem at blandit. Aenean vestibulum tincidunt metus ac tempor. Suspendisse nec arcu suscipit, feugiat nibh pharetra, blandit arcu. Suspendisse aliquet dolor ut nibh luctus, non pharetra mauris iaculis.','mecatronica_Archivo de prueba 01.docx,mecatronica_Archivo de prueba 02.docx,mecatronica_Archivo de prueba 03.docx'),(5,'mecatronica','estadias','','Texto estadias mecatronica.\r\n\r\nSed mattis erat a sem rhoncus ultrices. Maecenas pulvinar mi ex, eu ornare lorem facilisis id. Sed ex mi, consequat sed vestibulum vel, molestie eu ligula. Integer lorem magna, porttitor at purus vitae, viverra ullamcorper libero. Duis convallis, massa ut fringilla dictum, elit lorem pretium metus, in eleifend lacus dolor quis odio. Proin iaculis lectus vitae augue bibendum, eget tempor velit finibus. Aenean venenatis dolor et dui malesuada, facilisis commodo purus cursus. Duis hendrerit mi at convallis tincidunt. Etiam luctus justo elementum orci sollicitudin blandit. Maecenas ac vestibulum sapien. In convallis dolor nulla, a euismod nulla feugiat in. Nulla condimentum turpis a quam aliquam, in tincidunt ex feugiat. Cras vitae tortor viverra, dapibus purus sed, tincidunt mi. Duis sagittis ante leo.\r\n\r\nCurabitur a est diam. Mauris massa nulla, dignissim eget lectus sed, lobortis tempor orci. Maecenas porta lacus eu turpis placerat, quis pellentesque mauris vestibulum. Lorem ipsum dolor sit amet, consectetur adipiscing elit. Mauris ullamcorper varius ultrices. Duis nec sagittis neque, nec viverra ante. Donec maximus, quam eget dictum mattis, massa justo pharetra leo, sit amet congue turpis mi et turpis. Proin pulvinar sem sit amet libero ultrices, in tempus neque scelerisque. Pellentesque sed placerat nisl. Morbi non felis convallis, vehicula odio ac, vehicula dui. Pellentesque aliquam tortor ut quam tristique pretium quis id diam. Quisque a augue a felis luctus scelerisque. Donec suscipit feugiat porttitor. Duis diam ante, dignissim sed bibendum quis, rhoncus sed nisl. Quisque quis turpis sit amet est sollicitudin vehicula in ut sapien.\r\n\r\nAenean consequat laoreet leo non consequat. Aenean at vehicula felis. Pellentesque maximus arcu eu ligula rutrum egestas. Nam eu hendrerit tortor. Maecenas ullamcorper nibh auctor hendrerit vulputate. Aenean felis magna, consectetur at magna non, bibendum tempor eros. Vivamus posuere non sem at blandit. Aenean vestibulum tincidunt metus ac tempor. Suspendisse nec arcu suscipit, feugiat nibh pharetra, blandit arcu. Suspendisse aliquet dolor ut nibh luctus, non pharetra mauris iaculis.','mecatronica_Archivo de prueba 06.docx,mecatronica_Archivo de prueba 06.pdf'),(6,'mecatronica','titulacion','','este es el texto para la titulacion texto de mecatronica. Sed mattis erat a sem rhoncus ultrices. Maecenas pulvinar mi ex, eu ornare lorem facilisis id. Sed ex mi, consequat sed vestibulum vel, molestie eu ligula. Integer lorem magna, porttitor at purus vitae, viverra ullamcorper libero. Duis convallis, massa ut fringilla dictum, elit lorem pretium metus, in eleifend lacus dolor quis odio. Proin iaculis lectus vitae augue bibendum, eget tempor velit finibus. Aenean venenatis dolor et dui malesuada, facilisis commodo purus cursus. Duis hendrerit mi at convallis tincidunt. Etiam luctus justo elementum orci sollicitudin blandit. Maecenas ac vestibulum sapien. In convallis dolor nulla, a euismod nulla feugiat in. Nulla condimentum turpis a quam aliquam, in tincidunt ex feugiat. Cras vitae tortor viverra, dapibus purus sed, tincidunt mi. Duis sagittis ante leo.\r\n\r\nCurabitur a est diam. Mauris massa nulla, dignissim eget lectus sed, lobortis tempor orci. Maecenas porta lacus eu turpis placerat, quis pellentesque mauris vestibulum. Lorem ipsum dolor sit amet, consectetur adipiscing elit. Mauris ullamcorper varius ultrices. Duis nec sagittis neque, nec viverra ante. Donec maximus, quam eget dictum mattis, massa justo pharetra leo, sit amet congue turpis mi et turpis. Proin pulvinar sem sit amet libero ultrices, in tempus neque scelerisque. Pellentesque sed placerat nisl. Morbi non felis convallis, vehicula odio ac, vehicula dui. Pellentesque aliquam tortor ut quam tristique pretium quis id diam. Quisque a augue a felis luctus scelerisque. Donec suscipit feugiat porttitor. Duis diam ante, dignissim sed bibendum quis, rhoncus sed nisl. Quisque quis turpis sit amet est sollicitudin vehicula in ut sapien.\r\n\r\nAenean consequat laoreet leo non consequat. Aenean at vehicula felis. Pellentesque maximus arcu eu ligula rutrum egestas. Nam eu hendrerit tortor. Maecenas ullamcorper nibh auctor hendrerit vulputate. Aenean felis magna, consectetur at magna non, bibendum tempor eros. Vivamus posuere non sem at blandit. Aenean vestibulum tincidunt metus ac tempor. Suspendisse nec arcu suscipit, feugiat nibh pharetra, blandit arcu. Suspendisse aliquet dolor ut nibh luctus, non pharetra mauris iaculis.','mecatronica_Archivo de prueba 07.pdf,mecatronica_Archivo de prueba 08.docx'),(7,'industrial','estancias','','Este es el texto de las estancias industriales..\r\ncorregida Mauris massa nulla, dignissim eget lectus sed, lobortis tempor orci. Maecenas porta lacus eu turpis placerat, quis pellentesque mauris vestibulum. Lorem ipsum dolor sit amet, consectetur adipiscing elit. Mauris ullamcorper varius ultrices. Duis nec sagittis neque, nec viverra ante. Donec maximus, quam eget dictum mattis, massa justo pharetra leo, sit amet congue turpis mi et turpis. Proin pulvinar sem sit amet libero ultrices, in tempus neque scelerisque. Pellentesque sed placerat nisl. Morbi non felis convallis, vehicula odio ac, vehicula dui. Pellentesque aliquam tortor ut quam tristique pretium quis id diam. Quisque a augue a felis luctus scelerisque. Donec suscipit feugiat porttitor. Duis diam ante, dignissim sed bibendum quis, rhoncus sed nisl. Quisque quis turpis sit amet est sollicitudin vehicula in ut sapien.\r\n\r\nAenean consequat laoreet leo non consequat. Aenean at vehicula felis. Pellentesque maximus arcu eu ligula rutrum egestas. Nam eu hendrerit tortor. Maecenas ullamcorper nibh auctor hendrerit vulputate. Aenean felis magna, consectetur at magna non, bibendum tempor eros. Vivamus posuere non sem at blandit. Aenean vestibulum tincidunt metus ac tempor. Suspendisse nec arcu suscipit, feugiat nibh pharetra, blandit arcu. Suspendisse aliquet dolor ut nibh luctus, non pharetra mauris iaculis.','industrial_Archivo de prueba 01.docx,industrial_Archivo de prueba 02.docx,industrial_Archivo de prueba 03.docx,industrial_Archivo de prueba 04.docx,industrial_Archivo de prueba 05.docx,industrial_Archivo de prueba 06.docx'),(8,'industrial','estadias','','Texto estadias industrial Pellentesque eu blandit est, sodales sodales odio. Fusce bibendum dolor arcu, nec luctus lorem maximus ac. Quisque ut luctus elit, a pulvinar magna. Mauris ut ex sed nunc sollicitudin pellentesque. Mauris faucibus nisl ipsum, at imperdiet metus scelerisque in. Aenean vestibulum vitae sem a venenatis. Donec dapibus diam sed tortor gravida, vitae scelerisque velit laoreet. Quisque bibendum malesuada odio quis semper. Curabitur a fringilla neque. Etiam sed massa porttitor, mollis ante non, bibendum leo. Morbi fermentum ipsum eget sollicitudin maximus. Vestibulum condimentum metus urna, at volutpat libero convallis volutpat. Ut sollicitudin, nibh ac tincidunt rutrum, purus ex hendrerit ante, sed fermentum libero dolor quis justo. Proin iaculis finibus lacus vitae pretium. Nam condimentum porta risus, eget sodales arcu.\r\n\r\nSed mattis erat a sem rhoncus ultrices. Maecenas pulvinar mi ex, eu ornare lorem facilisis id. Sed ex mi, consequat sed vestibulum vel, molestie eu ligula. Integer lorem magna, porttitor at purus vitae, viverra ullamcorper libero. Duis convallis, massa ut fringilla dictum, elit lorem pretium metus, in eleifend lacus dolor quis odio. Proin iaculis lectus vitae augue bibendum, eget tempor velit finibus. Aenean venenatis dolor et dui malesuada, facilisis commodo purus cursus. Duis hendrerit mi at convallis tincidunt. Etiam luctus justo elementum orci sollicitudin blandit. Maecenas ac vestibulum sapien. In convallis dolor nulla, a euismod nulla feugiat in. Nulla condimentum turpis a quam aliquam, in tincidunt ex feugiat. Cras vitae tortor viverra, dapibus purus sed, tincidunt mi. Duis sagittis ante leo.','industrial_Archivo de prueba 01.docx,industrial_Archivo de prueba 01.pdf,industrial_Archivo de prueba 02.docx'),(9,'industrial','titulacion','','Información necesaria para la titulación de ingenieros industriales. \r\nPellentesque eu blandit est, sodales sodales odio. Fusce bibendum dolor arcu, nec luctus lorem maximus ac. Quisque ut luctus elit, a pulvinar magna. Mauris ut ex sed nunc sollicitudin pellentesque. Mauris faucibus nisl ipsum, at imperdiet metus scelerisque in. Aenean vestibulum vitae sem a venenatis. Donec dapibus diam sed tortor gravida, vitae scelerisque velit laoreet. Quisque bibendum malesuada odio quis semper. Curabitur a fringilla neque. Etiam sed massa porttitor, mollis ante non, bibendum leo. Morbi fermentum ipsum eget sollicitudin maximus. Vestibulum condimentum metus urna, at volutpat libero convallis volutpat. Ut sollicitudin, nibh ac tincidunt rutrum, purus ex hendrerit ante, sed fermentum libero dolor quis justo. Proin iaculis finibus lacus vitae pretium. Nam condimentum porta risus, eget sodales arcu.\r\n\r\nSed mattis erat a sem rhoncus ultrices. Maecenas pulvinar mi ex, eu ornare lorem facilisis id. Sed ex mi, consequat sed vestibulum vel, molestie eu ligula. Integer lorem magna, porttitor at purus vitae, viverra ullamcorper libero. Duis convallis, massa ut fringilla dictum, elit lorem pretium metus, in eleifend lacus dolor quis odio. Proin iaculis lectus vitae augue bibendum, eget tempor velit finibus. Aenean venenatis dolor et dui malesuada, facilisis commodo purus cursus. Duis hendrerit mi at convallis tincidunt. Etiam luctus justo elementum orci sollicitudin blandit. Maecenas ac vestibulum sapien. In convallis dolor nulla, a euismod nulla feugiat in. Nulla condimentum turpis a quam aliquam, in tincidunt ex feugiat. Cras vitae tortor viverra, dapibus purus sed, tincidunt mi. Duis sagittis ante leo.','industrial_Archivo de prueba 07.docx,industrial_Archivo de prueba 08.docx');
/*!40000 ALTER TABLE `secciones` ENABLE KEYS */;
UNLOCK TABLES;

--
-- Table structure for table `usuarios`
--

DROP TABLE IF EXISTS `usuarios`;
/*!40101 SET @saved_cs_client     = @@character_set_client */;
/*!50503 SET character_set_client = utf8mb4 */;
CREATE TABLE `usuarios` (
  `id` int(1) DEFAULT NULL,
  `email` varchar(100) DEFAULT NULL,
  `password` char(60) DEFAULT NULL,
  `carrera` varchar(100) DEFAULT NULL
) ENGINE=InnoDB DEFAULT CHARSET=utf8;
/*!40101 SET character_set_client = @saved_cs_client */;

--
-- Dumping data for table `usuarios`
--

LOCK TABLES `usuarios` WRITE;
/*!40000 ALTER TABLE `usuarios` DISABLE KEYS */;
INSERT INTO `usuarios` VALUES (1,'coordinacionsistemas@upgarcia.edu.mx','$2y$10$bZ6V9.3Hiqn6bXtF3JB82.RIancsYYaUplfipnNFEAAT39aY6224K','sistemas'),(2,'coordinacionmecatronica@upgarcia.edu.mx','$2y$10$rKfmL6vihJlHm4qGqjxZYetWgQKihPDKpJ18EeVHP5K2Nrc.RzIXG','mecatronica'),(3,'coordinacionindustrial@upgarcia.edu.mx','$2y$10$5PURMfazHY7rgEmQESmS0eLq9D3MNw2B8U4ZdqJdu/w.YkeWCq6l.','industrial');
/*!40000 ALTER TABLE `usuarios` ENABLE KEYS */;
UNLOCK TABLES;
/*!40103 SET TIME_ZONE=@OLD_TIME_ZONE */;

/*!40101 SET SQL_MODE=@OLD_SQL_MODE */;
/*!40014 SET FOREIGN_KEY_CHECKS=@OLD_FOREIGN_KEY_CHECKS */;
/*!40014 SET UNIQUE_CHECKS=@OLD_UNIQUE_CHECKS */;
/*!40101 SET CHARACTER_SET_CLIENT=@OLD_CHARACTER_SET_CLIENT */;
/*!40101 SET CHARACTER_SET_RESULTS=@OLD_CHARACTER_SET_RESULTS */;
/*!40101 SET COLLATION_CONNECTION=@OLD_COLLATION_CONNECTION */;
/*!40111 SET SQL_NOTES=@OLD_SQL_NOTES */;

-- Dump completed on 2021-12-15 18:04:55
